day,avg(temperature)
1,50.2011
2,51.3991
3,52.3695
4,52.8422
5,53.9911
6,54.6600
7,55.4489
8,56.3011
9,56.5644
10,57.7189
11,59.1933
12,59.4578
13,60.4167
14,61.6867
15,62.4311
16,62.7233
17,64.0833
18,64.8089
19,65.7122
20,66.5500
21,66.8700
22,67.9144
23,68.9233
24,69.8300
25,70.1478
26,71.2200
27,72.0156
28,72.4933
29,73.5378
30,74.2478
31,75.4100
32,76.6100
33,77.3267
34,78.3144
35,78.0011
36,79.1433
37,80.6267
38,81.2044
39,82.6978
40,82.3344
41,83.2322
42,84.4478
43,85.0178
44,86.1811
45,86.4878
46,86.5111
47,87.5878
48,88.2411
49,88.6611
50,89.8700
51,89.9856
52,90.5589
53,91.5589
54,91.2889
55,92.1889
56,92.7122
57,93.5144
58,94.5089
59,94.1067
60,95.3422
61,95.4933
62,95.4933
63,96.2556
64,96.6311
65,96.7222
66,97.0678
67,97.9378
68,97.6644
69,98.2989
70,98.2300
71,99.1778
72,98.7944
73,99.5456
74,99.4178
75,99.8089
76,99.6667
77,100.3467
78,100.2844
79,100.8367
80,100.3611
81,100.9767
82,101.2389
83,101.5889
84,101.6178
85,101.8378
86,101.8989
87,101.7089
88,102.3011
89,101.9078
90,101.7311
91,101.8122
92,101.6400
93,101.1222
94,102.0733
95,101.5344
96,101.8778
97,101.4278
98,101.4656
99,101.7444
100,101.4267
101,100.7622
102,100.8911
103,100.8622
104,100.8111
105,100.4411
106,100.3122
107,100.1767
108,99.9089
109,99.4056
110,99.3689
111,99.0156
112,98.5167
113,98.1178
114,98.1222
115,97.7500
116,97.5933
117,96.3111
118,96.5922
119,95.6489
120,95.8189
121,95.1933
122,94.9689
123,94.1389
124,94.0467
125,93.0711
126,92.9944
127,92.6578
128,92.3244
129,91.2100
130,90.7144
131,90.2867
132,89.5811
133,88.2000
134,88.3322
135,87.6867
136,86.7744
137,86.5844
138,85.7733
139,84.8822
140,83.7311
141,83.6444
142,82.3500
143,82.7578
144,81.0744
145,81.0433
146,79.7567
147,78.7478
148,77.6422
149,77.3378
150,76.7933
151,75.9033
152,74.2700
153,74.1756
154,73.4844
155,72.5456
156,72.1667
157,70.4556
158,69.9944
159,69.2233
160,68.6367
161,67.9000
162,67.1478
163,66.3733
164,65.6511
165,64.4344
166,63.2067
167,62.9978
168,62.3511
169,61.1467
170,60.4678
171,59.0889
172,57.9767
173,57.3778
174,56.7567
175,55.4489
176,54.9811
177,54.0522
178,53.2200
179,51.9611
180,51.6256
181,50.9367
182,49.6022
183,49.1533
184,48.1944
185,47.0144
186,46.7111
187,45.7089
188,44.7689
189,43.5944
190,42.6544
191,41.3711
192,41.0889
193,40.4644
194,39.6811
195,39.0656
196,37.5633
197,36.9922
198,36.5522
199,35.5911
200,34.5211
201,33.7978
202,33.1822
203,32.1689
204,31.5044
205,30.6733
206,30.0344
207,28.9100
208,28.3478
209,27.6267
210,26.4733
211,26.0678
212,24.7178
213,25.0533
214,23.7622
215,23.0522
216,22.2611
217,21.6089
218,20.3122
219,19.8867
220,19.2389
221,18.3378
222,17.8967
223,17.6811
224,16.8044
225,16.0278
226,15.0444
227,14.7567
228,14.4844
229,13.6844
230,12.5478
231,12.3878
232,11.4356
233,11.6856
234,10.4944
235,10.3189
236,9.6056
237,9.3056
238,8.9522
239,8.1867
240,7.7344
241,7.3078
242,7.0800
243,6.2556
244,6.1233
245,5.7122
246,5.4111
247,4.8522
248,4.6078
249,4.3633
250,3.8933
251,3.6000
252,3.4922
253,3.1233
254,2.9678
255,2.1144
256,2.4944
257,2.1667
258,1.8489
259,1.6178
260,1.6267
261,0.5667
262,0.9778
263,0.6456
264,0.3778
265,0.5367
266,0.0867
267,0.2633
268,0.1678
269,-0.0711
270,0.2100
271,-0.2367
272,0.3111
273,0.0022
274,0.1556
275,0.1056
276,-0.2400
277,-0.0733
278,-0.1711
279,0.4911
280,0.2356
281,0.5622
282,0.6044
283,0.5467
284,0.7167
285,0.8656
286,0.9089
287,1.3600
288,1.5944
289,1.5600
290,1.7978
291,2.0733
292,2.5067
293,2.7867
294,2.8056
295,3.0411
296,3.1422
297,3.7633
298,4.0522
299,4.2833
300,4.7333
301,5.0633
302,5.1667
303,6.0289
304,6.1200
305,6.4167
306,7.3422
307,7.9511
308,8.1378
309,8.8078
310,9.3100
311,9.9911
312,10.0722
313,10.2211
314,11.3178
315,11.4933
316,12.3978
317,13.2256
318,13.1278
319,13.8022
320,14.5111
321,15.4233
322,15.5911
323,16.3211
324,17.0222
325,17.9200
326,18.5600
327,19.0378
328,19.5489
329,20.9156
330,21.0422
331,21.7944
332,22.8500
333,22.8556
334,24.0422
335,24.8000
336,25.9656
337,26.4233
338,27.0322
339,28.0522
340,28.5389
341,29.4900
342,30.2900
343,30.9311
344,32.2800
345,32.2433
346,33.5078
347,34.2078
348,35.2611
349,35.8989
350,36.7333
351,37.5200
352,38.4778
353,39.8956
354,40.0633
355,40.6767
356,41.8478
357,42.9300
358,43.5333
359,44.7978
360,44.6678
361,45.8622
362,46.4467
363,47.5011
364,48.6989
365,49.4889
366,50.6633
367,50.9033
368,52.3389
369,53.4089
370,53.5633
371,54.4011
372,55.4700
373,56.3156
374,57.3067
375,57.7611
376,59.2000
377,59.6044
378,60.6011
379,61.6278
380,61.9789
381,63.4644
382,63.7478
383,64.8922
384,65.6556
385,66.3700
386,66.9511
387,68.0344
388,69.2811
389,69.6222
390,70.1189
391,71.4011
392,72.3789
393,72.7889
394,73.4522
395,73.9578
396,75.1389
397,76.3867
398,77.4067
399,77.4044
400,78.4311
401,79.4211
402,80.4600
403,81.2322
404,82.2556
405,82.9611
406,82.9300
407,84.4967
408,84.9222
409,85.7878
410,85.8222
411,86.9622
412,87.2844
413,88.3756
414,89.0222
415,89.3567
416,90.0200
417,91.1811
418,90.5878
419,91.9467
420,92.0533
421,93.2667
422,93.2322
423,93.5867
424,93.8378
425,94.9956
426,95.1367
427,95.9356
428,96.2711
429,96.9733
430,96.0467
431,97.2400
432,97.9400
433,97.6878
434,98.4289
435,99.0533
436,98.8767
437,98.7367
438,99.4433
439,98.9778
440,100.3678
441,99.5467
442,100.2456
443,101.0167
444,101.0067
445,101.2167
446,101.0944
447,100.9833
448,101.1089
449,101.2678
450,101.6522
451,101.5622
452,101.9433
453,102.3011
454,101.7322
455,101.6133
456,101.7844
457,101.7000
458,102.3267
459,101.3756
460,101.5200
461,101.0322
462,101.4478
463,101.4556
464,101.1344
465,100.9567
466,101.1678
467,100.5433
468,100.8889
469,100.3389
470,100.2389
471,100.3878
472,100.1400
473,99.7533
474,99.4778
475,99.2278
476,98.8256
477,98.8300
478,98.1956
479,97.9578
480,97.8000
481,97.2211
482,97.0311
483,96.6544
484,95.6311
485,95.7733
486,95.0900
487,95.3044
488,94.4933
489,93.5989
490,93.4122
491,93.2844
492,92.4344
493,92.1700
494,91.1244
495,90.1489
496,90.5678
497,89.5467
498,88.9033
499,88.2756
500,87.6022
501,87.3600
502,86.4800
503,85.8644
504,84.6289
505,84.3300
506,83.8967
507,83.1844
508,81.5656
509,81.1833
510,80.7056
511,80.3656
512,78.9433
513,78.4378
514,77.3833
515,76.8522
516,75.7600
517,74.9456
518,74.0322
519,72.8833
520,72.6467
521,71.5411
522,70.7378
523,69.8444
524,69.0144
525,67.9989
526,67.7511
527,66.6933
528,66.1711
529,64.4556
530,64.4156
531,63.1944
532,62.8567
533,62.4700
534,60.6844
535,60.1078
536,59.5244
537,58.2100
538,57.6278
539,56.7989
540,56.0978
541,55.1211
542,54.1422
543,53.3389
544,52.5778
545,51.5378
546,50.9856
547,49.4867
548,48.7200
549,48.0078
550,47.1878
551,46.7044
552,45.9633
553,45.2767
554,43.7900
555,43.4011
556,42.2233
557,41.5022
558,40.5167
559,39.6422
560,39.0478
561,37.9800
562,37.6544
563,36.3122
564,35.3733
565,35.0089
566,34.0456
567,33.1089
568,32.2156
569,31.2822
570,30.4200
571,29.7167
572,29.2756
573,28.4444
574,27.4867
575,26.4067
576,25.3989
577,25.1811
578,24.1211
579,23.9211
580,23.2100
581,22.2511
582,21.4233
583,21.0211
584,20.2811
585,19.4844
586,18.8856
587,17.3456
588,17.7022
589,16.8733
590,16.3267
591,15.7522
592,14.7189
593,14.2033
594,13.2656
595,13.2044
596,11.9778
597,11.6800
598,11.3400
599,10.9444
600,10.8389
601,9.8444
602,9.1767
603,8.8767
604,8.5778
605,7.7289
606,7.3467
607,6.6222
608,6.7533
609,5.8367
610,5.4067
611,5.5511
612,4.8811
613,4.7989
614,3.8900
615,4.0956
616,3.7678
617,3.2733
618,3.0944
619,2.4911
620,2.4689
621,1.9400
622,1.9978
623,1.5244
624,1.2256
625,1.0700
626,1.3789
627,0.7978
628,0.3089
629,0.5222
630,0.5856
631,-0.0422
632,-0.1456
633,0.1911
634,0.0400
635,0.3100
636,0.0478
637,-0.3533
638,-0.2178
639,-0.2367
640,0.1000
641,0.0267
642,-0.0856
643,0.0756
644,0.0111
645,0.1256
646,0.4700
647,0.9989
648,0.7611
649,0.9467
650,0.8933
651,0.8278
652,1.0989
653,1.3578
654,1.9122
655,1.6844
656,2.1167
657,2.4378
658,2.7333
659,3.2144
660,2.9489
661,3.7400
662,3.8600
663,4.0667
664,4.5856
665,4.7533
666,5.2867
667,5.7578
668,5.8967
669,6.1700
670,6.8656
671,7.0289
672,7.4800
673,8.1222
674,8.6911
675,8.8322
676,9.3767
677,10.0122
678,10.8011
679,11.2256
680,11.7311
681,11.7189
682,13.1244
683,13.1089
684,13.7978
685,14.3211
686,15.7356
687,15.9611
688,16.4789
689,16.7789
690,17.8667
691,18.0700
692,19.2378
693,19.6678
694,20.8089
695,21.1889
696,22.1433
697,23.3478
698,23.1967
699,24.3111
700,24.2000
701,25.9678
702,26.0089
703,27.3811
704,28.3778
705,29.0478
706,29.2633
707,30.1000
708,30.9867
709,31.8944
710,32.5711
711,33.6133
712,34.2800
713,35.1178
714,35.9689
715,36.4067
716,37.7311
717,38.2644
718,39.1556
719,39.8767
720,40.4733
721,41.3733
722,42.1211
723,43.3733
724,44.4778
725,45.0922
726,45.9178
727,47.5111
728,48.0800
729,48.4678
730,49.2944
731,50.4311
732,51.2033
733,52.2178
734,52.9733
735,53.7756
736,54.6956
737,55.3078
738,56.5444
739,57.0989
740,58.4633
741,58.5933
742,59.9833
743,60.3033
744,61.1167
745,62.5600
746,63.5433
747,63.9333
748,64.6733
749,65.8044
750,66.1933
751,67.4389
752,68.0511
753,69.2956
754,69.9967
755,70.3800
756,71.3500
757,72.0256
758,72.5611
759,73.3556
760,74.6911
761,75.5778
762,76.0789
763,77.6367
764,77.7644
765,78.6133
766,79.4622
767,80.5133
768,80.2978
769,81.9389
770,82.8278
771,83.5244
772,84.0889
773,84.7100
774,85.6267
775,86.6578
776,87.2678
777,87.4156
778,88.1933
779,88.9900
780,89.5678
781,90.4044
782,90.6356
783,91.5433
784,92.2878
785,92.2078
786,92.6033
787,93.5544
788,93.5511
789,94.2144
790,94.9222
791,95.0500
792,95.9189
793,96.2256
794,96.0978
795,96.7956
796,97.3922
797,97.9633
798,97.9844
799,98.6778
800,98.3411
801,98.8589
802,99.0022
803,99.0433
804,99.5189
805,99.8067
806,100.1989
807,100.3300
808,100.5911
809,100.5333
810,101.1000
811,101.4444
812,101.2400
813,101.6789
814,101.7867
815,101.6467
816,101.5311
817,101.6244
818,101.8267
819,101.5822
820,101.8889
821,101.4644
822,102.0589
823,101.6978
824,101.5833
825,101.6333
826,101.6800
827,101.2444
828,101.8989
829,101.1311
830,101.5344
831,101.0811
832,101.3878
833,100.5933
834,100.9300
835,100.7556
836,100.2511
837,99.7689
838,99.6756
839,99.4433
840,98.8767
841,99.5267
842,98.8544
843,97.8611
844,97.6767
845,97.3256
846,97.4700
847,97.0511
848,96.4300
849,95.7589
850,96.0456
851,94.8089
852,94.8022
853,94.4311
854,94.0567
855,93.9489
856,92.9333
857,91.8711
858,92.0300
859,91.5533
860,90.5233
861,90.4811
862,89.2833
863,89.0622
864,88.3067
865,87.3556
866,87.3100
867,86.5267
868,85.8300
869,84.7367
870,84.5200
871,84.0189
872,83.0111
873,81.9922
874,81.5278
875,80.4167
876,79.9344
877,78.8800
878,78.2400
879,77.3511
880,76.3911
881,76.0589
882,74.7222
883,74.1700
884,73.7578
885,72.1722
886,71.8100
887,70.9533
888,70.2456
889,69.4367
890,68.3367
891,67.6200
892,66.7400
893,65.9367
894,65.0644
895,64.2433
896,63.3211
897,62.8733
898,62.0744
899,61.3200
900,59.7544
901,59.0267
902,58.5222
903,57.4544
904,56.5578
905,55.9944
906,54.9300
907,54.3467
908,53.1000
909,52.4667
910,51.4844
911,50.7067
912,50.2189
913,49.1189
914,48.0933
915,47.1633
916,46.0833
917,45.5956
918,44.9633
919,43.7822
920,43.2756
921,42.3878
922,41.4944
923,40.5689
924,39.8122
925,39.1089
926,37.9278
927,37.1333
928,36.5011
929,35.6356
930,34.8478
931,34.0056
932,32.5222
933,32.5056
934,31.4733
935,30.4311
936,29.7433
937,28.9422
938,28.2411
939,27.2300
940,26.7211
941,25.6456
942,25.2700
943,24.3256
944,23.7822
945,22.5744
946,22.2811
947,21.0222
948,21.0822
949,19.8133
950,19.9322
951,18.5989
952,18.4400
953,17.3189
954,16.9378
955,15.8178
956,15.1467
957,14.7289
958,14.1767
959,13.9278
960,12.9356
961,12.4633
962,11.6656
963,11.4678
964,10.7911
965,10.6944
966,9.1100
967,9.0444
968,8.8300
969,8.4311
970,7.7544
971,7.7000
972,7.0489
973,6.5444
974,5.9511
975,5.4367
976,5.0956
977,5.1111
978,4.1933
979,3.9989
980,3.5111
981,3.3478
982,3.5189
983,2.8567
984,2.3944
985,2.3089
986,2.0489
987,2.4867
988,1.8222
989,1.2878
990,1.3122
991,0.7767
992,1.0111
993,0.9911
994,0.7467
995,0.3022
996,0.3111
997,0.6356
998,0.1222
999,0.2411
1000,0.0200
1001,-0.2411
1002,-0.1689
1003,0.2111
1004,-0.4222
1005,0.1900
1006,0.3167
1007,-0.2211
1008,0.0100
1009,0.1333
1010,0.3178
1011,0.4311
1012,0.6756
1013,0.5256
1014,0.5100
1015,0.8944
1016,1.1189
1017,1.1222
1018,1.0811
1019,1.7522
1020,1.7911
1021,2.2356
1022,2.0800
1023,2.7322
1024,3.0389
1025,3.1778
1026,3.3100
1027,3.3700
1028,4.3944
1029,4.3356
1030,4.4889
1031,5.0611
1032,5.3478
1033,6.5022
1034,6.2711
1035,6.4267
1036,6.9422
1037,7.2344
1038,8.0144
1039,8.8467
1040,9.3189
1041,9.9244
1042,10.0133
1043,10.7733
1044,11.0989
1045,11.0444
1046,12.4533
1047,12.6444
1048,13.8522
1049,14.1133
1050,14.9911
1051,15.3867
1052,15.7400
1053,16.3022
1054,16.9956
1055,18.0833
1056,18.4700
1057,19.1122
1058,20.0167
1059,20.5911
1060,21.2678
1061,21.9156
1062,22.2189
1063,23.1222
1064,24.4311
1065,25.2389
1066,25.4422
1067,25.9389
1068,27.3289
1069,28.0678
1070,28.9067
1071,29.9067
1072,30.2878
1073,30.8456
1074,31.9656
1075,32.7067
1076,33.9033
1077,34.1067
1078,35.1422
1079,36.1144
1080,36.8711
1081,37.8000
1082,38.3511
1083,39.0567
1084,40.0589
1085,41.1656
1086,41.5956
1087,42.8800
1088,43.0711
1089,44.6067
1090,45.2867
1091,46.2578
1092,47.0678
1093,47.8433
1094,48.6211
1095,49.4033
1096,50.7122
1097,51.5678
1098,51.9878
1099,52.7156
1100,54.1556
1101,55.1256
1102,55.5278
1103,56.6233
1104,57.0856
1105,58.1711
1106,59.0067
1107,59.3856
1108,60.8811
1109,61.2133
1110,62.7122
1111,63.0333
1112,64.3022
1113,64.7189
1114,65.8678
1115,66.4944
1116,67.3711
1117,68.3089
1118,68.9733
1119,69.7522
1120,70.7489
1121,71.4711
1122,71.9144
1123,73.0478
1124,73.8067
1125,75.2089
1126,75.6111
1127,76.0622
1128,77.0700
1129,77.3978
1130,78.6222
1131,79.1667
1132,80.2111
1133,81.0467
1134,81.9622
1135,83.0067
1136,83.3300
1137,84.0178
1138,85.2756
1139,85.6167
1140,86.1611
1141,87.6000
1142,87.4289
1143,87.5833
1144,88.6856
1145,89.1344
1146,90.4867
1147,90.5122
1148,91.3167
1149,91.7978
1150,92.2133
1151,92.7856
1152,93.5389
1153,93.4933
1154,94.9311
1155,94.8678
1156,94.8456
1157,95.5333
1158,95.8456
1159,96.3511
1160,96.7300
1161,97.2844
1162,97.6800
1163,97.6411
1164,98.1267
1165,98.5144
1166,99.0811
1167,98.4578
1168,99.4300
1169,99.8867
1170,99.7944
1171,99.8022
1172,100.5811
1173,100.3422
1174,100.8156
1175,100.8322
1176,100.9311
1177,101.1422
1178,101.6478
1179,101.3400
1180,101.5567
1181,101.2044
1182,102.3900
1183,101.7244
1184,102.6233
1185,101.6400
1186,101.9622
1187,101.6367
1188,101.6722
1189,101.7767
1190,101.8922
1191,101.7867
1192,101.7522
1193,101.5522
1194,101.6244
1195,101.1733
1196,101.6533
1197,100.7989
1198,100.8056
1199,99.9811
1200,100.4433
1201,99.6156
1202,100.2611
1203,99.8167
1204,99.3478
1205,99.2656
1206,99.5000
1207,98.8200
1208,98.4200
1209,97.7844
1210,97.9489
1211,97.1900
1212,96.7267
1213,96.3267
1214,96.4100
1215,96.0956
1216,95.1367
1217,95.0378
1218,94.6500
1219,93.8967
1220,92.7200
1221,93.2489
1222,92.2789
1223,91.9011
1224,91.6444
1225,90.9211
1226,90.1011
1227,89.9300
1228,88.6367
1229,88.3767
1230,87.4567
1231,86.8300
1232,86.6356
1233,85.5800
1234,85.2944
1235,84.2433
1236,83.6222
1237,82.5567
1238,82.2033
1239,81.2133
1240,80.7078
1241,79.6422
1242,79.0411
1243,78.2544
1244,77.3089
1245,76.7644
1246,75.9144
1247,75.4856
1248,74.4067
1249,73.1100
1250,72.5944
1251,71.6300
1252,71.6111
1253,70.1633
1254,68.8878
1255,68.5067
1256,67.3511
1257,66.6333
1258,65.7922
1259,65.5678
1260,64.5600
1261,63.6844
1262,62.7244
1263,61.6056
1264,61.3300
1265,60.0489
1266,59.2722
1267,58.3022
1268,57.8167
1269,56.6467
1270,55.7800
1271,54.9378
1272,54.2522
1273,53.3267
1274,52.7933
1275,51.7944
1276,50.8778
1277,49.9722
1278,49.1644
1279,48.1467
1280,47.3833
1281,46.4589
1282,44.9922
1283,44.4678
1284,43.9211
1285,43.1778
1286,42.3322
1287,41.2989
1288,40.2956
1289,39.8111
1290,38.9922
1291,38.1733
1292,37.5522
1293,36.9844
1294,35.7522
1295,34.5756
1296,33.8167
1297,32.6978
1298,32.1256
1299,31.4311
1300,30.6633
1301,29.9911
1302,29.4889
1303,28.1411
1304,27.6833
1305,26.4100
1306,26.2067
1307,25.2256
1308,24.3000
1309,23.7000
1310,22.9300
1311,22.3822
1312,21.8011
1313,20.9644
1314,20.1144
1315,19.3922
1316,18.8178
1317,18.4756
1318,17.2644
1319,16.9122
1320,15.8878
1321,15.1844
1322,14.8244
1323,14.1800
1324,13.5456
1325,13.2233
1326,12.3289
1327,11.9422
1328,11.5144
1329,11.1289
1330,10.0178
1331,9.7600
1332,9.0744
1333,8.9633
1334,8.8444
1335,7.8522
1336,7.6311
1337,6.7067
1338,6.6067
1339,5.9100
1340,5.3244
1341,4.7644
1342,5.1833
1343,4.0400
1344,4.5122
1345,4.2311
1346,3.8333
1347,3.2400
1348,3.1800
1349,2.3211
1350,2.4767
1351,2.3089
1352,2.1944
1353,1.7800
1354,0.9867
1355,0.7556
1356,1.2144
1357,0.9333
1358,0.7900
1359,0.5278
1360,0.5489
1361,0.0500
1362,0.5700
1363,0.0856
1364,0.4733
1365,0.2944
1366,-0.2756
1367,-0.1044
1368,-0.1556
1369,-0.2444
1370,-0.3644
1371,0.2611
1372,0.1533
1373,0.1200
1374,-0.0711
1375,0.4467
1376,0.2722
1377,0.8567
1378,0.2822
1379,1.3656
1380,1.3644
1381,0.6567
1382,0.9911
1383,1.4144
1384,1.9433
1385,1.6244
1386,2.1189
1387,2.3533
1388,2.9244
1389,2.7278
1390,3.1022
1391,3.0578
1392,3.9622
1393,4.3989
1394,4.1233
1395,4.7133
1396,4.8444
1397,5.6133
1398,5.7756
1399,6.3144
1400,7.0900
1401,7.2889
1402,7.6067
1403,7.7378
1404,8.5744
1405,9.1433
1406,9.5511
1407,9.9300
1408,10.0478
1409,11.0989
1410,11.5622
1411,12.0633
1412,12.7978
1413,12.9144
1414,13.7456
1415,14.4567
1416,15.1656
1417,15.6611
1418,16.1756
1419,16.7089
1420,17.5722
1421,18.4622
1422,19.1511
1423,20.0733
1424,20.2611
1425,21.2311
1426,21.5867
1427,22.7489
1428,23.1367
1429,23.7656
1430,25.3467
1431,26.0489
1432,26.2511
1433,26.8667
1434,27.5889
1435,29.0356
1436,28.9311
1437,29.9667
1438,31.5200
1439,31.8733
1440,32.4622
1441,33.1311
1442,34.0700
1443,35.3544
1444,36.1878
1445,36.6478
1446,37.5700
1447,38.0800
1448,39.0233
1449,40.2133
1450,40.9844
1451,41.3422
1452,42.5567
1453,43.4867
1454,44.2656
1455,44.9800
1456,45.9189
1457,47.2244
1458,47.7522
1459,48.3433
1460,49.3022
1461,50.2078
1462,51.1967
1463,52.2222
1464,53.0456
1465,53.7789
1466,55.1000
1467,55.2500
1468,56.4167
1469,57.3700
1470,58.2944
1471,59.1111
1472,60.0756
1473,60.3500
1474,61.5756
1475,61.9022
1476,63.1144
1477,63.7222
1478,64.6478
1479,65.5300
1480,66.5789
1481,67.3511
1482,68.1656
1483,68.4500
1484,69.6256
1485,70.1600
1486,71.1133
1487,72.4233
1488,73.2322
1489,73.9622
1490,74.4589
1491,76.0011
1492,76.0578
1493,77.2978
1494,78.4244
1495,78.4589
1496,79.4300
1497,80.8256
1498,81.0089
1499,82.0422
1500,82.8156
1501,83.1011
1502,84.1611
1503,85.4678
1504,85.8167
1505,85.8578
1506,86.4189
1507,87.7700
1508,88.8378
1509,88.6100
1510,90.0467
1511,90.0189
1512,90.4211
1513,90.7411
1514,92.3044
1515,92.3544
1516,93.2811
1517,93.4633
1518,94.1056
1519,94.2200
1520,95.1122
1521,94.9944
1522,95.8233
1523,95.8844
1524,96.6011
1525,97.0589
1526,97.1622
1527,97.8033
1528,97.8978
1529,98.2278
1530,98.4433
1531,98.5089
1532,99.7100
1533,99.6100
1534,99.7278
1535,99.9956
1536,99.8133
1537,100.1633
1538,100.6422
1539,101.1089
1540,101.1622
1541,101.0178
1542,101.2133
1543,101.0456
1544,101.0567
1545,101.4411
1546,101.6878
1547,101.7433
1548,102.0289
1549,101.4567
1550,101.3644
1551,102.0956
1552,101.8700
1553,101.1389
1554,101.0789
1555,101.6033
1556,102.0200
1557,101.6344
1558,102.2900
1559,101.5156
1560,101.1967
1561,101.0733
1562,100.7822
1563,100.8478
1564,100.6244
1565,100.8789
1566,100.1667
1567,100.5133
1568,99.8867
1569,99.3622
1570,98.9089
1571,99.5378
1572,98.4078
1573,98.7200
1574,97.5311
1575,97.5600
1576,97.3033
1577,96.9567
1578,96.0778
1579,96.3856
1580,95.9311
1581,95.6567
1582,95.0778
1583,93.9033
1584,94.1800
1585,93.0467
1586,93.1211
1587,92.0167
1588,92.0056
1589,91.4756
1590,90.6544
1591,90.2644
1592,89.6822
1593,88.5578
1594,88.5333
1595,86.7644
1596,87.8067
1597,85.7244
1598,85.4844
1599,84.9178
1600,84.8778
1601,83.1711
1602,82.9378
1603,82.4122
1604,81.3500
1605,80.6844
1606,80.1744
1607,78.6656
1608,78.1989
1609,77.3056
1610,76.4344
1611,75.3000
1612,75.5111
1613,73.5411
1614,73.2244
1615,72.6133
1616,71.6178
1617,71.1544
1618,70.1222
1619,68.9378
1620,68.2878
1621,67.9500
1622,66.2933
1623,66.1344
1624,65.2844
1625,64.1356
1626,63.3156
1627,62.6889
1628,62.0678
1629,60.6944
1630,60.5311
1631,59.3844
1632,58.6544
1633,57.4367
1634,56.3689
1635,55.6000
1636,54.7389
1637,54.2956
1638,53.4356
1639,52.4356
1640,51.4644
1641,50.8711
1642,49.7789
1643,48.9178
1644,47.8967
1645,47.4500
1646,46.2244
1647,45.7278
1648,44.9856
1649,43.9089
1650,42.9189
1651,42.1122
1652,41.3111
1653,40.5133
1654,39.3489
1655,39.0711
1656,37.7344
1657,37.4900
1658,36.3289
1659,35.7544
1660,34.7789
1661,34.0567
1662,32.9033
1663,32.0444
1664,31.7878
1665,30.2767
1666,29.7700
1667,28.6489
1668,28.0489
1669,27.6544
1670,26.6689
1671,26.0744
1672,24.9767
1673,24.4300
1674,23.8678
1675,22.9478
1676,22.1000
1677,21.2178
1678,20.4278
1679,20.2622
1680,19.3533
1681,18.8500
1682,17.6222
1683,17.3822
1684,17.0233
1685,15.9689
1686,15.2178
1687,14.6922
1688,14.3233
1689,13.7089
1690,12.9167
1691,12.4678
1692,11.8289
1693,11.4656
1694,10.9900
1695,10.3633
1696,9.6844
1697,9.3889
1698,8.8011
1699,8.4411
1700,7.6978
1701,7.3456
1702,7.0044
1703,6.4267
1704,5.9778
1705,5.8956
1706,5.2756
1707,4.7400
1708,4.8244
1709,4.7278
1710,3.8433
1711,3.3767
1712,3.1611
1713,2.8656
1714,2.6778
1715,2.4433
1716,1.9533
1717,1.8433
1718,1.6822
1719,1.1111
1720,1.4156
1721,1.4267
1722,1.0333
1723,0.7256
1724,0.4622
1725,0.3889
1726,0.5233
1727,0.1478
1728,0.0111
1729,0.0767
1730,0.1122
1731,0.3289
1732,0.4567
1733,0.5378
1734,0.4489
1735,0.3267
1736,-0.0511
1737,-0.1467
1738,0.3911
1739,0.7000
1740,0.0656
1741,0.4667
1742,0.3756
1743,0.4800
1744,0.8733
1745,0.8356
1746,0.7567
1747,1.2922
1748,1.4033
1749,1.5422
1750,1.4956
1751,2.0967
1752,2.3211
1753,2.9944
1754,2.6533
1755,2.7311
1756,3.8533
1757,3.7922
1758,4.1433
1759,4.2989
1760,4.8044
1761,5.5344
1762,5.6422
1763,5.9833
1764,6.2344
1765,6.7933
1766,7.2622
1767,7.4800
1768,7.8567
1769,8.7589
1770,8.8844
1771,9.3889
1772,9.5178
1773,10.8656
1774,11.3489
1775,11.5422
1776,12.3733
1777,12.3922
1778,13.6000
1779,13.8200
1780,14.6944
1781,14.9389
1782,15.7722
1783,16.2944
1784,17.2656
1785,17.7322
1786,18.6511
1787,19.3233
1788,19.1100
1789,20.3744
1790,21.4022
1791,21.8367
1792,22.5433
1793,22.9822
1794,23.5722
1795,24.8278
1796,26.0667
1797,26.3056
1798,26.6267
1799,27.7444
1800,28.9489
1801,29.6189
1802,30.2689
1803,31.0633
1804,32.0767
1805,32.0756
1806,33.1967
1807,34.0689
1808,35.1833
1809,35.9711
1810,36.8144
1811,37.7611
1812,39.1267
1813,39.2378
1814,40.0500
1815,41.1744
1816,41.6911
1817,42.5811
1818,43.3133
1819,44.2733
1820,44.8556
1821,46.2567
1822,46.6456
1823,47.7678
1824,48.5211
1825,49.5933
1826,50.3011
1827,50.8522
1828,51.7867
1829,53.2100
1830,54.3489
1831,55.1000
1832,55.1378
1833,56.0244
1834,57.2067
1835,57.9889
1836,58.9978
1837,59.3622
1838,59.8967
1839,60.9907
1840,62.3067
1841,63.2667
1842,64.3467
1843,64.9233
1844,65.6189
1845,66.3067
1846,67.2956
1847,67.9400
1848,68.5144
1849,69.4789
1850,70.5300
1851,71.5989
1852,71.9533
1853,72.4500
1854,73.6211
1855,74.6800
1856,75.3844
1857,76.4322
1858,77.3311
1859,77.7000
1860,79.1356
1861,79.2156
1862,80.6089
1863,80.8578
1864,81.9411
1865,82.5433
1866,83.1567
1867,84.1967
1868,84.8167
1869,85.4778
1870,86.8778
1871,87.2989
1872,87.4844
1873,88.4978
1874,89.1000
1875,89.7711
1876,89.6956
1877,90.6522
1878,91.4944
1879,91.0233
1880,92.4689
1881,92.6400
1882,93.3378
1883,93.2378
1884,94.4622
1885,94.8022
1886,95.9467
1887,96.1567
1888,96.1956
1889,96.4133
1890,96.7111
1891,97.1678
1892,98.1933
1893,97.7367
1894,98.5444
1895,98.8078
1896,98.6000
1897,98.4100
1898,99.6367
1899,99.2878
1900,100.1467
1901,99.9900
1902,100.6356
1903,100.4900
1904,101.0289
1905,100.4167
1906,101.1678
1907,101.2367
1908,101.4011
1909,100.9611
1910,101.8922
1911,101.4422
1912,101.7500
1913,101.5011
1914,101.4167
1915,101.8867
1916,102.0378
1917,101.8333
1918,101.8511
1919,101.5422
1920,101.3867
1921,101.8100
1922,101.7444
1923,101.3600
1924,101.0856
1925,101.0578
1926,101.2333
1927,101.6822
1928,101.0322
1929,100.4644
1930,100.5622
1931,100.1022
1932,100.0744
1933,99.9667
1934,100.2711
1935,99.1689
1936,99.0156
1937,98.4189
1938,98.9478
1939,98.0067
1940,97.9067
1941,97.9478
1942,96.8456
1943,96.7211
1944,96.2089
1945,95.0933
1946,95.3033
1947,94.6744
1948,94.1078
1949,93.9667
1950,93.4967
1951,92.4711
1952,92.2289
1953,91.7367
1954,91.3678
1955,91.0567
1956,90.2744
1957,89.9522
1958,89.2967
1959,87.9622
1960,88.0111
1961,86.7511
1962,86.3844
1963,84.9344
1964,85.9711
1965,83.6678
1966,84.3633
1967,82.8267
1968,81.7533
1969,81.2667
1970,80.6033
1971,80.2111
1972,78.5544
1973,78.1222
1974,77.1989
1975,77.1278
1976,75.7956
1977,74.9344
1978,74.0100
1979,73.5467
1980,72.3556
1981,72.1156
1982,70.7289
1983,69.9889
1984,69.2933
1985,68.3278
1986,67.9456
1987,67.2411
1988,66.0067
1989,65.1211
1990,64.1422
1991,63.3144
1992,62.6367
1993,61.6444
1994,61.1444
1995,59.9222
1996,59.2689
1997,58.4500
1998,57.8222
1999,56.7689
2000,56.4222
2001,54.8300
2002,54.6367
2003,53.7267
2004,52.4356
2005,51.5700
2006,51.0889
2007,50.0211
2008,49.1600
2009,48.3933
2010,47.6089
2011,46.7000
2012,45.5478
2013,44.6733
2014,44.0911
2015,43.0122
2016,42.2856
2017,41.4489
2018,40.1778
2019,39.6589
2020,39.1667
2021,38.1056
2022,37.0233
2023,36.0667
2024,35.6056
2025,34.5333
2026,33.8233
2027,33.0689
2028,32.1878
2029,31.7711
2030,30.4144
2031,29.9933
2032,28.8378
2033,28.3267
2034,27.9244
2035,26.6256
2036,26.1878
2037,25.3733
2038,24.3378
2039,24.0067
2040,22.9778
2041,22.4733
2042,21.3211
2043,21.1789
2044,20.1467
2045,19.6111
2046,18.8056
2047,17.9333
2048,16.9556
2049,16.6456
2050,16.3533
2051,15.3222
2052,14.7322
2053,14.5211
2054,14.0233
2055,12.8578
2056,12.4622
2057,11.4856
2058,11.2089
2059,10.4167
2060,10.1844
2061,9.6644
2062,9.5200
2063,8.6000
2064,8.6478
2065,7.7722
2066,7.3822
2067,6.9978
2068,6.4367
2069,6.2422
2070,5.6244
2071,5.2500
2072,4.5256
2073,4.3367
2074,4.5333
2075,3.8400
2076,3.2722
2077,3.4200
2078,3.0322
2079,2.8800
2080,2.4556
2081,1.8789
2082,2.0122
2083,1.7078
2084,1.2056
2085,1.2822
2086,0.8567
2087,0.6622
2088,0.8622
2089,0.7178
2090,0.7089
2091,0.6889
2092,0.1122
2093,0.3589
2094,0.4178
2095,0.4278
2096,0.2278
2097,0.0533
2098,-0.1811
2099,-0.0356
2100,-0.4233
2101,0.0389
2102,0.0389
2103,0.4433
2104,0.0289
2105,0.0167
2106,0.5778
2107,0.8656
2108,0.5767
2109,0.5489
2110,0.5578
2111,1.0367
2112,1.9011
2113,1.0067
2114,1.2111
2115,1.8644
2116,1.7778
2117,2.0278
2118,2.5656
2119,3.2400
2120,2.9400
2121,3.0522
2122,3.3056
2123,3.5744
2124,4.4233
2125,5.2889
2126,5.4667
2127,5.6289
2128,5.7944
2129,6.1511
2130,6.7044
2131,7.2089
2132,7.3333
2133,7.8278
2134,8.6167
2135,8.6200
2136,9.6700
2137,9.9944
2138,10.2900
2139,11.3511
2140,11.6422
2141,12.5544
2142,13.1467
2143,13.4667
2144,13.6633
2145,14.6311
2146,15.1022
2147,15.6689
2148,16.4333
2149,16.7633
2150,18.1867
2151,18.4944
2152,18.9056
2153,19.4656
2154,20.8644
2155,20.9144
2156,21.9500
2157,22.5944
2158,23.4956
2159,24.1711
2160,24.9533
2161,25.8200
2162,26.2200
2163,27.1089
2164,27.9489
2165,28.4644
2166,29.2267
2167,30.3900
2168,31.1889
2169,32.1333
2170,32.6300
2171,33.0267
2172,35.0578
2173,35.2322
2174,35.8311
2175,36.3856
2176,37.4844
2177,38.4644
2178,39.3667
2179,39.8044
2180,40.9956
2181,41.9778
2182,43.0056
2183,43.5811
2184,44.3756
2185,45.1233
2186,45.8356
2187,46.9767
2188,47.8878
2189,48.6633
2190,49.5389
2191,50.7244
2192,51.0956
2193,52.4133
2194,53.0822
2195,54.1689
2196,54.8289
2197,55.6311
2198,56.5744
2199,57.3111
2200,57.9378
2201,58.8900
2202,59.5256
2203,61.0711
2204,61.8856
2205,62.6556
2206,63.0900
2207,63.9689
2208,64.8667
2209,65.1322
2210,66.4578
2211,67.0056
2212,68.1244
2213,68.6711
2214,69.7722
2215,70.5767
2216,71.1044
2217,71.9989
2218,73.4333
2219,73.4456
2220,74.6456
2221,75.9067
2222,76.2167
2223,77.0056
2224,77.4589
2225,78.9756
2226,79.4433
2227,80.2200
2228,80.7900
2229,82.0356
2230,83.0311
2231,82.4989
2232,84.4167
2233,84.9489
2234,85.5078
2235,86.7389
2236,86.8178
2237,88.1122
2238,88.7144
2239,88.3056
2240,89.7056
2241,90.1900
2242,90.4467
2243,91.4656
2244,91.8167
2245,92.2933
2246,92.6311
2247,93.8000
2248,93.4867
2249,93.6611
2250,94.7400
2251,95.0156
2252,95.8722
2253,96.7556
2254,96.2611
2255,96.6844
2256,97.0167
2257,97.6011
2258,97.8589
2259,98.7844
2260,98.3656
2261,99.2078
2262,98.5356
2263,99.5278
2264,99.4978
2265,100.0878
2266,99.6900
2267,101.0222
2268,100.7767
2269,100.5189
2270,100.4567
2271,101.4178
2272,101.3822
2273,101.7233
2274,101.3700
2275,101.5733
2276,101.6867
2277,102.0522
2278,101.7967
2279,101.9244
2280,101.9711
2281,101.8578
2282,102.0989
2283,102.0667
2284,101.8300
2285,101.4089
2286,101.7600
2287,101.9422
2288,101.5233
2289,101.5056
2290,101.2878
2291,101.4278
2292,100.7644
2293,100.7244
2294,100.7100
2295,100.2700
2296,100.3244
2297,100.0744
2298,99.7467
2299,99.0833
2300,99.0811
2301,99.1178
2302,98.7522
2303,98.1600
2304,98.3811
2305,97.6944
2306,97.2144
2307,97.4867
2308,96.5189
2309,96.3889
2310,96.1689
2311,95.5944
2312,94.7744
2313,94.8189
2314,93.9944
2315,93.6522
2316,93.3778
2317,92.8178
2318,92.2689
2319,91.7656
2320,90.5544
2321,89.8822
2322,89.5000
2323,89.2100
2324,88.1978
2325,87.8022
2326,86.5978
2327,85.8322
2328,85.6756
2329,85.3800
2330,84.0933
2331,83.7267
2332,83.1489
2333,81.8667
2334,81.1100
2335,80.1433
2336,79.2811
2337,78.9678
2338,77.6233
2339,77.3344
2340,76.2578
2341,76.2622
2342,74.9533
2343,73.9500
2344,73.2467
2345,72.5122
2346,72.0289
2347,71.2822
2348,69.9422
2349,69.4144
2350,68.4944
2351,67.5344
2352,67.1522
2353,65.6756
2354,64.9833
2355,64.7467
2356,63.1678
2357,62.9367
2358,61.8978
2359,60.7933
2360,60.1833
2361,59.1678
2362,58.3733
2363,57.6256
2364,56.9744
2365,55.7178
2366,54.8967
2367,54.2089
2368,52.7933
2369,52.5600
2370,51.7322
2371,50.9911
2372,49.7933
2373,49.3767
2374,47.4889
2375,47.6167
2376,46.2644
2377,45.8189
2378,44.1233
2379,43.9711
2380,42.7756
2381,42.5189
2382,41.5011
2383,40.2567
2384,39.5700
2385,38.8578
2386,37.7889
2387,37.1856
2388,36.2678
2389,34.8356
2390,35.2556
2391,34.0678
2392,33.0556
2393,32.6100
2394,31.6456
2395,30.8522
2396,29.4922
2397,29.1256
2398,28.6533
2399,27.1456
2400,26.7456
2401,25.8100
2402,25.4600
2403,24.6444
2404,23.6944
2405,22.7167
2406,22.2911
2407,21.6956
2408,20.7700
2409,20.0133
2410,19.5911
2411,18.6867
2412,17.7378
2413,17.6711
2414,16.8278
2415,16.2144
2416,15.2922
2417,15.1300
2418,14.3000
2419,13.9167
2420,12.8811
2421,12.6878
2422,11.7878
2423,11.2900
2424,10.7289
2425,10.5811
2426,9.7122
2427,9.6300
2428,8.4578
2429,8.1678
2430,8.0278
2431,7.3822
2432,6.7300
2433,5.8378
2434,6.1167
2435,5.5289
2436,5.4233
2437,4.9989
2438,4.8456
2439,4.2056
2440,3.8122
2441,3.7900
2442,3.3978
2443,2.8422
2444,2.8567
2445,2.0211
2446,2.1256
2447,1.6267
2448,1.2322
2449,1.0111
2450,0.9500
2451,1.2456
2452,1.0800
2453,0.9344
2454,0.6478
2455,0.5467
2456,0.2878
2457,0.5133
2458,0.1011
2459,0.7200
2460,0.2944
2461,0.2056
2462,0.1411
2463,-0.1233
2464,-0.2911
2465,0.2533
2466,-0.1178
2467,0.4511
2468,0.4344
2469,0.2133
2470,0.1600
2471,0.2867
2472,0.7322
2473,0.7422
2474,0.8311
2475,0.7889
2476,1.0478
2477,0.9478
2478,1.8567
2479,1.6611
2480,1.8844
2481,2.1133
2482,1.9700
2483,2.5856
2484,2.6022
2485,3.1933
2486,3.5133
2487,3.6633
2488,4.1333
2489,4.3800
2490,4.7067
2491,5.3156
2492,5.3300
2493,6.3033
2494,6.2122
2495,6.3078
2496,7.2011
2497,7.1956
2498,8.2322
2499,8.3644
2500,9.4156
2501,8.7533
2502,10.3033
2503,10.8800
2504,11.1033
2505,11.6067
2506,12.1889
2507,13.3289
2508,13.0600
2509,14.1411
2510,14.4589
2511,14.7956
2512,16.3411
2513,16.3989
2514,16.7167
2515,17.7411
2516,18.2544
2517,19.4344
2518,19.5478
2519,20.7989
2520,21.1022
2521,21.8033
2522,22.3067
2523,23.1700
2524,23.8544
2525,25.2211
2526,25.9522
2527,26.4067
2528,26.9422
2529,28.1200
2530,28.7000
2531,29.5778
2532,30.2922
2533,30.8867
2534,31.4589
2535,32.3133
2536,33.6611
2537,34.5578
2538,35.0367
2539,36.0344
2540,36.8933
2541,37.3478
2542,38.7944
2543,39.5633
2544,39.9044
2545,40.9922
2546,41.7878
2547,41.9789
2548,43.4133
2549,44.6633
